[0, 20, 229]	192
[0, 21, 44]	132
[0, 22, 32]	89
[0, 24, 63]	23
[0, 30, 57]	18
[0, 32, 109]	6
[0, 32, 22]	56
[0, 32, 66]	245
[0, 41, 118]	514
[0, 41, 206]	377
[0, 42, 23]	20
[0, 43, 219]	29
[0, 51, 69]	119
[1, 10, 32]	89
[1, 10, 54]	103
[1, 13, 73]	169
[1, 24, 73]	9
[1, 4, 88]	38
[2, 0, 3.0]	12
[2, 1, 4.0]	3
[2, 2, 5.0]	97
[2, 60, 5.0]	1456
[2, 70, 4.0]	134
[2, 71, 5.0]	608
[2, 80, 3.0]	14
[2, 81, 4.0]	10
[2, 82, 5.0]	311
[2, 90, 2.0]	4
[2, 91, 3.0]	13
[2, 92, 4.0]	22
[2, 93, 5.0]	25
[3, 1, 3.0]	8
[3, 100, 3.0]	1
[3, 102, 5.0]	31
[3, 110, 2.0]	4
[3, 111, 3.0]	6
[3, 122, 3.0]	4
[3, 135, 5.0]	6
[3, 157, 5.0]	16
[3, 178, 4.0]	1
[3, 2, 4.0]	172
[3, 3, 5.0]	5080
[3, 70, 5.0]	215
[3, 80, 4.0]	11
[3, 81, 5.0]	45
[3, 90, 3.0]	4
[3, 91, 4.0]	7
[3, 92, 5.0]	63
[4, 0, 1008]	119
[4, 0, 1019]	124
[4, 0, 102]	2880
[4, 0, 1107]	106
[4, 0, 1118]	118
[4, 0, 1129]	111
[4, 0, 113]	4730
[4, 0, 1206]	76
[4, 0, 1217]	88
[4, 0, 1228]	86
[4, 0, 1239]	93
[4, 0, 124]	4764
[4, 0, 12785]	1
[4, 0, 1305]	63
[4, 0, 1316]	70
[4, 0, 1327]	77
[4, 0, 1338]	65
[4, 0, 1349]	56
[4, 0, 135]	4059
[4, 0, 1404]	60
[4, 0, 1415]	57
[4, 0, 1426]	68
[4, 0, 1437]	52
[4, 0, 1448]	54
[4, 0, 1459]	55
[4, 0, 146]	3572
[4, 0, 1503]	45
[4, 0, 1514]	47
[4, 0, 1525]	47
[4, 0, 1536]	47
[4, 0, 1547]	45
[4, 0, 1558]	51
[4, 0, 1569]	56
[4, 0, 157]	3275
[4, 0, 1602]	44
[4, 0, 1613]	38
[4, 0, 1624]	36
[4, 0, 1635]	47
[4, 0, 1646]	28
[4, 0, 1657]	38
[4, 0, 1668]	37
[4, 0, 1679]	45
[4, 0, 168]	2935
[4, 0, 1701]	33
[4, 0, 1712]	33
[4, 0, 1723]	26
[4, 0, 1734]	26
[4, 0, 1745]	30
[4, 0, 1756]	26
[4, 0, 1767]	42
[4, 0, 1778]	31
[4, 0, 1789]	33
[4, 0, 179]	2593
[4, 0, 1800]	22
[4, 0, 1811]	22
[4, 0, 1822]	29
[4, 0, 1833]	35
[4, 0, 1844]	30
[4, 0, 1855]	26
[4, 0, 1866]	32
[4, 0, 1877]	35
[4, 0, 1888]	24
[4, 0, 1899]	24
[4, 0, 18]	190
[4, 0, 1910]	26
[4, 0, 1921]	19
[4, 0, 1932]	19
[4, 0, 1943]	23
[4, 0, 1954]	18
[4, 0, 1965]	29
[4, 0, 1976]	27
[4, 0, 1987]	23
[4, 0, 1998]	16
[4, 0, 2009]	13
[4, 0, 201]	2197
[4, 0, 2108]	19
[4, 0, 2119]	21
[4, 0, 212]	2121
[4, 0, 2207]	15
[4, 0, 2218]	15
[4, 0, 2229]	9
[4, 0, 223]	2036
[4, 0, 2306]	18
[4, 0, 2317]	16
[4, 0, 2328]	20
[4, 0, 2339]	12
[4, 0, 234]	1906
[4, 0, 2405]	16
[4, 0, 2416]	9
[4, 0, 2427]	10
[4, 0, 2438]	8
[4, 0, 2449]	13
[4, 0, 245]	1840
[4, 0, 2504]	12
[4, 0, 2515]	12
[4, 0, 2526]	10
[4, 0, 2537]	15
[4, 0, 2548]	2
[4, 0, 2559]	11
[4, 0, 256]	1715
[4, 0, 2603]	10
[4, 0, 2614]	6
[4, 0, 2625]	9
[4, 0, 2636]	10
[4, 0, 2647]	5
[4, 0, 2658]	7
[4, 0, 2669]	5
[4, 0, 267]	1638
[4, 0, 2702]	11
[4, 0, 2713]	7
[4, 0, 2724]	8
[4, 0, 2735]	4
[4, 0, 2746]	4
[4, 0, 2757]	3
[4, 0, 2768]	6
[4, 0, 2779]	9
[4, 0, 278]	1526
[4, 0, 2801]	6
[4, 0, 2812]	5
[4, 0, 2823]	3
[4, 0, 2834]	4
[4, 0, 2845]	2
[4, 0, 2856]	6
[4, 0, 2867]	2
[4, 0, 2878]	2
[4, 0, 2889]	5
[4, 0, 289]	1409
[4, 0, 2900]	1
[4, 0, 2911]	5
[4, 0, 2922]	3
[4, 0, 2933]	5
[4, 0, 2944]	8
[4, 0, 2955]	5
[4, 0, 2966]	4
[4, 0, 2977]	6
[4, 0, 2988]	3
[4, 0, 2999]	2
[4, 0, 29]	162
[4, 0, 300]	1280
[4, 0, 3109]	2
[4, 0, 311]	1237
[4, 0, 3208]	2
[4, 0, 3219]	3
[4, 0, 322]	1234
[4, 0, 3307]	1
[4, 0, 3318]	4
[4, 0, 3329]	2
[4, 0, 333]	1072
[4, 0, 3406]	3
[4, 0, 3417]	2
[4, 0, 3428]	4
[4, 0, 3439]	4
[4, 0, 344]	1101
[4, 0, 3505]	4
[4, 0, 3516]	4
[4, 0, 3527]	1
[4, 0, 3538]	2
[4, 0, 3549]	2
[4, 0, 355]	1047
[4, 0, 3604]	3
[4, 0, 3615]	3
[4, 0, 3626]	1
[4, 0, 3637]	3
[4, 0, 3648]	3
[4, 0, 3659]	3
[4, 0, 366]	988
[4, 0, 3703]	5
[4, 0, 3725]	4
[4, 0, 3747]	1
[4, 0, 3758]	5
[4, 0, 3769]	3
[4, 0, 377]	959
[4, 0, 3813]	3
[4, 0, 3824]	4
[4, 0, 3846]	2
[4, 0, 3857]	1
[4, 0, 3868]	3
[4, 0, 3879]	1
[4, 0, 388]	935
[4, 0, 3901]	1
[4, 0, 3923]	2
[4, 0, 3934]	3
[4, 0, 3945]	3
[4, 0, 3956]	2
[4, 0, 3967]	1
[4, 0, 3978]	2
[4, 0, 3989]	1
[4, 0, 399]	834
[4, 0, 3]	12
[4, 0, 410]	864
[4, 0, 421]	802
[4, 0, 4308]	3
[4, 0, 4319]	2
[4, 0, 432]	744
[4, 0, 4407]	1
[4, 0, 4429]	2
[4, 0, 443]	764
[4, 0, 454]	694
[4, 0, 4605]	3
[4, 0, 4638]	1
[4, 0, 465]	655
[4, 0, 4726]	2
[4, 0, 4737]	1
[4, 0, 476]	615
[4, 0, 4803]	1
[4, 0, 4825]	1
[4, 0, 4836]	2
[4, 0, 4847]	1
[4, 0, 4869]	1
[4, 0, 487]	626
[4, 0, 4902]	1
[4, 0, 4913]	1
[4, 0, 4924]	1
[4, 0, 4957]	1
[4, 0, 4979]	1
[4, 0, 498]	615
[4, 0, 520]	578
[4, 0, 531]	517
[4, 0, 5408]	1
[4, 0, 542]	470
[4, 0, 5529]	1
[4, 0, 553]	520
[4, 0, 5617]	1
[4, 0, 5639]	1
[4, 0, 564]	460
[4, 0, 575]	439
[4, 0, 5837]	1
[4, 0, 586]	446
[4, 0, 5914]	1
[4, 0, 5969]	2
[4, 0, 597]	404
[4, 0, 630]	405
[4, 0, 641]	380
[4, 0, 652]	368
[4, 0, 663]	380
[4, 0, 674]	322
[4, 0, 685]	334
[4, 0, 696]	341
[4, 0, 740]	299
[4, 0, 751]	264
[4, 0, 762]	267
[4, 0, 773]	270
[4, 0, 784]	190
[4, 0, 795]	229
[4, 0, 850]	199
[4, 0, 861]	212
[4, 0, 872]	177
[4, 0, 883]	186
[4, 0, 894]	193
[4, 0, 960]	142
[4, 0, 971]	157
[4, 0, 982]	148
[4, 0, 993]	149
[4, 1, 1007]	70
[4, 1, 1018]	65
[4, 1, 10267]	1
[4, 1, 1029]	62
[4, 1, 103]	506
[4, 1, 10850]	1
[4, 1, 1106]	48
[4, 1, 1117]	48
[4, 1, 1128]	44
[4, 1, 1139]	55
[4, 1, 114]	738
[4, 1, 1205]	41
[4, 1, 1216]	47
[4, 1, 1227]	49
[4, 1, 1238]	33
[4, 1, 1249]	47
[4, 1, 125]	779
[4, 1, 1304]	40
[4, 1, 1315]	32
[4, 1, 1326]	30
[4, 1, 1337]	41
[4, 1, 13468]	1
[4, 1, 1348]	36
[4, 1, 1359]	31
[4, 1, 136]	730
[4, 1, 1403]	32
[4, 1, 1414]	29
[4, 1, 1425]	33
[4, 1, 1436]	42
[4, 1, 1447]	39
[4, 1, 1458]	29
[4, 1, 1469]	28
[4, 1, 147]	660
[4, 1, 1502]	30
[4, 1, 1513]	36
[4, 1, 1524]	25
[4, 1, 1535]	19
[4, 1, 1546]	29
[4, 1, 1557]	20
[4, 1, 1568]	19
[4, 1, 1579]	30
[4, 1, 158]	638
[4, 1, 1601]	30
[4, 1, 1612]	21
[4, 1, 1623]	28
[4, 1, 1634]	23
[4, 1, 1645]	28
[4, 1, 1656]	24
[4, 1, 1667]	33
[4, 1, 1678]	27
[4, 1, 1689]	21
[4, 1, 169]	576
[4, 1, 1700]	16
[4, 1, 1711]	23
[4, 1, 1722]	15
[4, 1, 1733]	12
[4, 1, 1744]	24
[4, 1, 1755]	21
[4, 1, 1766]	18
[4, 1, 1777]	24
[4, 1, 1788]	26
[4, 1, 1799]	13
[4, 1, 17]	12
[4, 1, 1810]	18
[4, 1, 1821]	25
[4, 1, 1832]	16
[4, 1, 1843]	18
[4, 1, 1854]	10
[4, 1, 1865]	14
[4, 1, 1876]	19
[4, 1, 1887]	20
[4, 1, 1898]	11
[4, 1, 1920]	14
[4, 1, 1931]	17
[4, 1, 1942]	23
[4, 1, 1953]	14
[4, 1, 1964]	20
[4, 1, 1975]	15
[4, 1, 1986]	14
[4, 1, 1997]	19
[4, 1, 2008]	13
[4, 1, 2019]	11
[4, 1, 202]	493
[4, 1, 2107]	9
[4, 1, 2118]	15
[4, 1, 2129]	11
[4, 1, 213]	481
[4, 1, 2206]	7
[4, 1, 2217]	6
[4, 1, 2228]	9
[4, 1, 2239]	15
[4, 1, 224]	463
[4, 1, 2305]	10
[4, 1, 2316]	7
[4, 1, 2327]	5
[4, 1, 2338]	10
[4, 1, 2349]	8
[4, 1, 235]	483
[4, 1, 2404]	9
[4, 1, 2415]	8
[4, 1, 2426]	6
[4, 1, 2437]	7
[4, 1, 2448]	8
[4, 1, 2459]	10
[4, 1, 246]	421
[4, 1, 2503]	6
[4, 1, 2514]	4
[4, 1, 2525]	9
[4, 1, 2536]	7
[4, 1, 2547]	7
[4, 1, 2558]	3
[4, 1, 2569]	8
[4, 1, 257]	380
[4, 1, 2602]	8
[4, 1, 2613]	6
[4, 1, 2624]	13
[4, 1, 2635]	6
[4, 1, 2646]	5
[4, 1, 2657]	2
[4, 1, 2668]	6
[4, 1, 2679]	4
[4, 1, 268]	378
[4, 1, 2701]	5
[4, 1, 2712]	5
[4, 1, 2723]	5
[4, 1, 2734]	3
[4, 1, 2745]	4
[4, 1, 2756]	3
[4, 1, 2767]	2
[4, 1, 2778]	6
[4, 1, 2789]	5
[4, 1, 279]	403
[4, 1, 2800]	4
[4, 1, 2811]	4
[4, 1, 2822]	9
[4, 1, 2833]	4
[4, 1, 2844]	4
[4, 1, 2855]	10
[4, 1, 2866]	3
[4, 1, 2877]	3
[4, 1, 2888]	4
[4, 1, 2899]	6
[4, 1, 28]	10
[4, 1, 2910]	2
[4, 1, 2921]	4
[4, 1, 2932]	5
[4, 1, 2943]	3
[4, 1, 2954]	4
[4, 1, 2965]	4
[4, 1, 2976]	5
[4, 1, 2987]	3
[4, 1, 2998]	5
[4, 1, 3009]	6
[4, 1, 301]	335
[4, 1, 3108]	6
[4, 1, 3119]	4
[4, 1, 312]	352
[4, 1, 3207]	5
[4, 1, 3229]	5
[4, 1, 323]	325
[4, 1, 3306]	3
[4, 1, 3317]	2
[4, 1, 3328]	4
[4, 1, 334]	308
[4, 1, 3416]	3
[4, 1, 3427]	1
[4, 1, 3438]	2
[4, 1, 3449]	1
[4, 1, 345]	309
[4, 1, 3504]	5
[4, 1, 3515]	1
[4, 1, 3526]	4
[4, 1, 3537]	2
[4, 1, 3548]	4
[4, 1, 3559]	3
[4, 1, 356]	306
[4, 1, 3614]	4
[4, 1, 3636]	3
[4, 1, 3647]	3
[4, 1, 3658]	3
[4, 1, 3669]	2
[4, 1, 367]	289
[4, 1, 3702]	2
[4, 1, 3713]	1
[4, 1, 3724]	1
[4, 1, 3757]	3
[4, 1, 3768]	1
[4, 1, 3779]	2
[4, 1, 378]	267
[4, 1, 3801]	1
[4, 1, 3812]	1
[4, 1, 3823]	1
[4, 1, 3834]	1
[4, 1, 3845]	3
[4, 1, 3856]	2
[4, 1, 3867]	2
[4, 1, 3878]	1
[4, 1, 389]	262
[4, 1, 3900]	3
[4, 1, 3911]	1
[4, 1, 3922]	1
[4, 1, 3955]	4
[4, 1, 3966]	1
[4, 1, 3977]	2
[4, 1, 3988]	1
[4, 1, 3999]	3
[4, 1, 39]	7
[4, 1, 400]	253
[4, 1, 4109]	3
[4, 1, 411]	276
[4, 1, 4208]	2
[4, 1, 4219]	2
[4, 1, 422]	254
[4, 1, 4318]	2
[4, 1, 4329]	1
[4, 1, 433]	277
[4, 1, 4406]	1
[4, 1, 4417]	1
[4, 1, 4428]	1
[4, 1, 4439]	1
[4, 1, 444]	255
[4, 1, 4538]	1
[4, 1, 4549]	1
[4, 1, 455]	255
[4, 1, 4626]	1
[4, 1, 466]	231
[4, 1, 4725]	1
[4, 1, 4736]	2
[4, 1, 4758]	1
[4, 1, 477]	239
[4, 1, 4813]	1
[4, 1, 4824]	1
[4, 1, 4846]	1
[4, 1, 4857]	1
[4, 1, 488]	225
[4, 1, 4912]	2
[4, 1, 4934]	1
[4, 1, 4945]	1
[4, 1, 4956]	1
[4, 1, 4978]	2
[4, 1, 4989]	1
[4, 1, 499]	217
[4, 1, 4]	5
[4, 1, 510]	182
[4, 1, 5209]	1
[4, 1, 521]	194
[4, 1, 532]	174
[4, 1, 5407]	1
[4, 1, 543]	194
[4, 1, 554]	161
[4, 1, 565]	198
[4, 1, 5704]	1
[4, 1, 5715]	1
[4, 1, 576]	199
[4, 1, 5803]	1
[4, 1, 587]	140
[4, 1, 598]	140
[4, 1, 620]	160
[4, 1, 631]	153
[4, 1, 642]	135
[4, 1, 653]	140
[4, 1, 6639]	1
[4, 1, 664]	144
[4, 1, 6749]	1
[4, 1, 675]	139
[4, 1, 6804]	1
[4, 1, 6837]	1
[4, 1, 6848]	2
[4, 1, 686]	136
[4, 1, 6903]	1
[4, 1, 6958]	1
[4, 1, 697]	128
[4, 1, 730]	140
[4, 1, 741]	117
[4, 1, 752]	115
[4, 1, 763]	111
[4, 1, 774]	127
[4, 1, 785]	121
[4, 1, 7926]	1
[4, 1, 796]	97
[4, 1, 840]	105
[4, 1, 851]	100
[4, 1, 862]	86
[4, 1, 873]	103
[4, 1, 884]	89
[4, 1, 895]	75
[4, 1, 950]	83
[4, 1, 961]	59
[4, 1, 972]	65
[4, 1, 983]	67
[4, 1, 994]	60
[4, 10, 1030]	4
[4, 10, 1041]	1
[4, 10, 1052]	1
[4, 10, 1063]	5
[4, 10, 1074]	4
[4, 10, 1085]	1
[4, 10, 1096]	3
[4, 10, 1140]	6
[4, 10, 1151]	3
[4, 10, 1162]	3
[4, 10, 1173]	5
[4, 10, 1184]	2
[4, 10, 11927]	1
[4, 10, 1195]	2
[4, 10, 1250]	3
[4, 10, 1261]	1
[4, 10, 1272]	2
[4, 10, 1283]	5
[4, 10, 1294]	2
[4, 10, 1360]	3
[4, 10, 1371]	1
[4, 10, 1382]	2
[4, 10, 1393]	3
[4, 10, 1470]	2
[4, 10, 1481]	3
[4, 10, 1492]	4
[4, 10, 1580]	4
[4, 10, 1690]	1
[4, 10, 2020]	1
[4, 10, 2031]	4
[4, 10, 2042]	2
[4, 10, 2053]	1
[4, 10, 2075]	1
[4, 10, 2086]	2
[4, 10, 2097]	2
[4, 10, 2152]	5
[4, 10, 2174]	2
[4, 10, 2196]	2
[4, 10, 2251]	1
[4, 10, 2262]	1
[4, 10, 2273]	3
[4, 10, 2295]	1
[4, 10, 2361]	1
[4, 10, 2383]	2
[4, 10, 2394]	1
[4, 10, 2471]	4
[4, 10, 2482]	1
[4, 10, 2493]	1
[4, 10, 2581]	1
[4, 10, 2790]	2
[4, 10, 3010]	1
[4, 10, 3087]	1
[4, 10, 3098]	1
[4, 10, 3120]	2
[4, 10, 3164]	1
[4, 10, 3175]	1
[4, 10, 3197]	3
[4, 10, 3252]	1
[4, 10, 3296]	2
[4, 10, 3340]	1
[4, 10, 3450]	1
[4, 10, 3483]	1
[4, 10, 3494]	3
[4, 10, 3571]	1
[4, 10, 3692]	1
[4, 10, 4022]	1
[4, 10, 4275]	1
[4, 10, 4341]	1
[4, 10, 4385]	1
[4, 10, 4440]	1
[4, 10, 4462]	1
[4, 10, 4561]	1
[4, 10, 4671]	1
[4, 10, 4693]	2
[4, 10, 4781]	1
[4, 10, 4792]	1
[4, 10, 4891]	1
[4, 10, 5056]	1
[4, 10, 509]	4
[4, 10, 5144]	2
[4, 10, 5375]	1
[4, 10, 5540]	1
[4, 10, 5584]	1
[4, 10, 5870]	1
[4, 10, 5892]	1
[4, 10, 5991]	1
[4, 10, 6068]	1
[4, 10, 608]	7
[4, 10, 619]	9
[4, 10, 6200]	1
[4, 10, 62]	1
[4, 10, 6552]	1
[4, 10, 6596]	2
[4, 10, 6783]	1
[4, 10, 7025]	1
[4, 10, 707]	2
[4, 10, 718]	3
[4, 10, 729]	9
[4, 10, 7377]	1
[4, 10, 73]	2
[4, 10, 806]	5
[4, 10, 8125]	1
[4, 10, 817]	4
[4, 10, 828]	4
[4, 10, 839]	5
[4, 10, 9027]	1
[4, 10, 905]	6
[4, 10, 916]	3
[4, 10, 927]	6
[4, 10, 938]	5
[4, 10, 949]	2
[4, 10, 95]	1
[4, 100, 1348]	1
[4, 100, 1766]	1
[4, 100, 1777]	1
[4, 100, 2668]	1
[4, 101, 14536]	1
[4, 101, 1600]	1
[4, 101, 1721]	1
[4, 101, 3569]	1
[4, 101, 3756]	1
[4, 101, 852]	1
[4, 102, 1203]	1
[4, 102, 1258]	1
[4, 102, 17925]	1
[4, 102, 2149]	1
[4, 102, 2204]	1
[4, 102, 2831]	1
[4, 102, 4657]	1
[4, 102, 622]	1
[4, 102, 875]	1
[4, 102, 930]	1
[4, 1025, 1170]	1
[4, 103, 1103]	1
[4, 103, 1224]	1
[4, 103, 1642]	1
[4, 103, 1730]	1
[4, 103, 2302]	1
[4, 103, 2522]	1
[4, 103, 3831]	1
[4, 103, 414]	1
[4, 103, 5008]	1
[4, 103, 623]	1
[4, 1037, 6592]	1
[4, 104, 1289]	1
[4, 104, 338]	1
[4, 104, 426]	1
[4, 104, 4600]	1
[4, 104, 4622]	1
[4, 104, 4798]	1
[4, 104, 624]	1
[4, 104, 6646]	1
[4, 104, 745]	1
[4, 105, 1266]	1
[4, 105, 1431]	1
[4, 105, 1783]	1
[4, 105, 2377]	1
[4, 105, 438]	1
[4, 105, 5358]	1
[4, 105, 6315]	1
[4, 106, 1199]	1
[4, 106, 1210]	1
[4, 106, 1320]	1
[4, 106, 1540]	1
[4, 106, 2211]	1
[4, 106, 2233]	1
[4, 106, 2530]	1
[4, 106, 4433]	1
[4, 106, 7216]	1
[4, 106, 725]	1
[4, 107, 2133]	1
[4, 107, 2210]	1
[4, 107, 5378]	1
[4, 107, 6500]	1
[4, 107, 847]	1
[4, 107, 858]	1
[4, 107, 9459]	1
[4, 108, 1186]	1
[4, 108, 3441]	1
[4, 109, 1262]	1
[4, 109, 5244]	1
[4, 11, 1051]	1
[4, 11, 1062]	1
[4, 11, 1073]	4
[4, 11, 1084]	1
[4, 11, 1095]	1
[4, 11, 1150]	3
[4, 11, 1161]	9
[4, 11, 1172]	2
[4, 11, 1183]	2
[4, 11, 1194]	1
[4, 11, 1260]	2
[4, 11, 1282]	5
[4, 11, 1293]	2
[4, 11, 1381]	3
[4, 11, 1392]	3
[4, 11, 1480]	2
[4, 11, 1491]	2
[4, 11, 1590]	2
[4, 11, 2030]	3
[4, 11, 2041]	2
[4, 11, 2052]	2
[4, 11, 2063]	3
[4, 11, 2074]	1
[4, 11, 2140]	1
[4, 11, 2173]	1
[4, 11, 2195]	1
[4, 11, 2261]	1
[4, 11, 2272]	2
[4, 11, 2294]	1
[4, 11, 2382]	1
[4, 11, 2470]	1
[4, 11, 2481]	2
[4, 11, 2690]	1
[4, 11, 3031]	2
[4, 11, 3053]	1
[4, 11, 3185]	1
[4, 11, 3196]	1
[4, 11, 3284]	1
[4, 11, 3361]	1
[4, 11, 3372]	3
[4, 11, 3460]	1
[4, 11, 3581]	1
[4, 11, 3680]	1
[4, 11, 4054]	1
[4, 11, 4120]	2
[4, 11, 4340]	1
[4, 11, 4351]	1
[4, 11, 4483]	1
[4, 11, 4780]	1
[4, 11, 5000]	1
[4, 11, 5022]	1
[4, 11, 5154]	1
[4, 11, 5286]	1
[4, 11, 5352]	1
[4, 11, 5363]	1
[4, 11, 5451]	1
[4, 11, 5462]	1
[4, 11, 5660]	1
[4, 11, 5792]	1
[4, 11, 5990]	1
[4, 11, 609]	7
[4, 11, 61]	1
[4, 11, 6375]	1
[4, 11, 6595]	1
[4, 11, 6661]	1
[4, 11, 7024]	1
[4, 11, 708]	7
[4, 11, 719]	6
[4, 11, 7376]	1
[4, 11, 7563]	1
[4, 11, 7783]	1
[4, 11, 8003]	1
[4, 11, 807]	6
[4, 11, 818]	2
[4, 11, 829]	2
[4, 11, 83]	3
[4, 11, 906]	1
[4, 11, 917]	6
[4, 11, 928]	1
[4, 11, 9356]	1
[4, 11, 94]	1
[4, 110, 1536]	2
[4, 110, 1789]	1
[4, 110, 3648]	1
[4, 110, 762]	1
[4, 110, 960]	1
[4, 111, 1029]	1
[4, 111, 103]	1
[4, 111, 1216]	1
[4, 111, 1535]	1
[4, 111, 1546]	1
[4, 111, 1678]	1
[4, 111, 1788]	1
[4, 111, 2008]	1
[4, 111, 279]	1
[4, 111, 730]	1
[4, 111, 972]	1
[4, 112, 1127]	1
[4, 112, 1424]	1
[4, 112, 533]	1
[4, 112, 995]	1
[4, 113, 1038]	1
[4, 113, 11666]	1
[4, 113, 2578]	1
[4, 113, 512]	1
[4, 113, 765]	1
[4, 114, 1169]	1
[4, 114, 3468]	1
[4, 115, 1883]	1
[4, 115, 2158]	1
[4, 115, 338]	1
[4, 115, 4105]	1
[4, 115, 767]	1
[4, 115, 987]	1
[4, 116, 1112]	1
[4, 116, 1585]	1
[4, 116, 2399]	1
[4, 116, 3532]	1
[4, 116, 4005]	1
[4, 116, 4247]	1
[4, 116, 548]	1
[4, 116, 779]	1
[4, 118, 1473]	1
[4, 118, 1671]	1
[4, 118, 1693]	1
[4, 118, 1990]	1
[4, 118, 2342]	1
[4, 118, 3310]	1
[4, 118, 506]	1
[4, 118, 5477]	1
[4, 1183, 3058]	1
[4, 119, 2561]	1
[4, 119, 5168]	1
[4, 119, 529]	1
[4, 12, 1050]	2
[4, 12, 1061]	2
[4, 12, 1072]	3
[4, 12, 1083]	3
[4, 12, 1094]	5
[4, 12, 1160]	4
[4, 12, 1171]	3
[4, 12, 1193]	1
[4, 12, 1270]	2
[4, 12, 1281]	2
[4, 12, 1292]	3
[4, 12, 1380]	1
[4, 12, 1391]	3
[4, 12, 1490]	3
[4, 12, 2040]	4
[4, 12, 2051]	1
[4, 12, 2062]	1
[4, 12, 2084]	3
[4, 12, 2150]	2
[4, 12, 2271]	1
[4, 12, 2282]	2
[4, 12, 2370]	3
[4, 12, 2381]	2
[4, 12, 2392]	2
[4, 12, 3074]	1
[4, 12, 3085]	1
[4, 12, 3162]	1
[4, 12, 3184]	1
[4, 12, 3261]	2
[4, 12, 3272]	2
[4, 12, 3360]	1
[4, 12, 3371]	1
[4, 12, 3690]	2
[4, 12, 4031]	2
[4, 12, 4163]	1
[4, 12, 4460]	1
[4, 12, 5076]	1
[4, 12, 5098]	1
[4, 12, 5164]	1
[4, 12, 5175]	1
[4, 12, 5274]	1
[4, 12, 5681]	1
[4, 12, 6242]	1
[4, 12, 6352]	1
[4, 12, 709]	6
[4, 12, 71]	3
[4, 12, 808]	2
[4, 12, 819]	1
[4, 12, 82]	1
[4, 12, 8453]	1
[4, 12, 8475]	1
[4, 12, 907]	4
[4, 12, 918]	2
[4, 12, 9201]	1
[4, 12, 929]	3
[4, 12, 93]	1
[4, 120, 1317]	1
[4, 120, 1911]	1
[4, 120, 871]	1
[4, 121, 1107]	1
[4, 121, 1305]	1
[4, 121, 1338]	1
[4, 121, 2108]	1
[4, 121, 5903]	1
[4, 121, 652]	1
[4, 121, 696]	1
[4, 122, 1546]	1
[4, 122, 22840]	1
[4, 122, 367]	1
[4, 122, 620]	1
[4, 122, 796]	1
[4, 123, 1006]	1
[4, 123, 1336]	1
[4, 123, 2249]	1
[4, 123, 3723]	1
[4, 124, 1148]	1
[4, 124, 1665]	1
[4, 124, 5944]	1
[4, 124, 776]	1
[4, 124, 787]	1
[4, 125, 1686]	1
[4, 125, 1840]	1
[4, 125, 2467]	1
[4, 125, 2599]	1
[4, 125, 3402]	1
[4, 125, 568]	1
[4, 126, 1696]	1
[4, 126, 3566]	1
[4, 126, 3797]	1
[4, 126, 767]	1
[4, 127, 1244]	1
[4, 127, 1266]	1
[4, 127, 1442]	1
[4, 127, 3400]	1
[4, 127, 801]	1
[4, 127, 889]	1
[4, 128, 2563]	1
[4, 128, 3872]	1
[4, 128, 4950]	1
[4, 128, 7469]	1
[4, 129, 1286]	1
[4, 129, 2485]	1
[4, 129, 3431]	1
[4, 129, 5378]	1
[4, 129, 858]	1
[4, 13, 1060]	1
[4, 13, 1082]	4
[4, 13, 1093]	2
[4, 13, 1170]	3
[4, 13, 1181]	1
[4, 13, 1192]	1
[4, 13, 1280]	2
[4, 13, 1291]	2
[4, 13, 1390]	1
[4, 13, 2050]	1
[4, 13, 2061]	2
[4, 13, 2072]	1
[4, 13, 2083]	1
[4, 13, 2094]	1
[4, 13, 2182]	1
[4, 13, 2193]	3
[4, 13, 2270]	1
[4, 13, 2281]	2
[4, 13, 2380]	1
[4, 13, 2490]	1
[4, 13, 3073]	1
[4, 13, 3084]	1
[4, 13, 3095]	1
[4, 13, 3150]	1
[4, 13, 3260]	1
[4, 13, 3271]	1
[4, 13, 3282]	3
[4, 13, 3480]	1
[4, 13, 4074]	1
[4, 13, 4360]	1
[4, 13, 4481]	1
[4, 13, 4690]	1
[4, 13, 5075]	1
[4, 13, 5130]	1
[4, 13, 5185]	1
[4, 13, 5262]	1
[4, 13, 5273]	1
[4, 13, 5581]	1
[4, 13, 6230]	1
[4, 13, 6296]	1
[4, 13, 6780]	1
[4, 13, 7231]	1
[4, 13, 81]	2
[4, 13, 8287]	1
[4, 13, 908]	1
[4, 13, 92]	2
[4, 130, 10099]	1
[4, 131, 563]	1
[4, 132, 1349]	1
[4, 132, 3758]	1
[4, 132, 377]	1
[4, 132, 872]	1
[4, 133, 1601]	1
[4, 133, 1898]	1
[4, 134, 1358]	1
[4, 134, 3844]	1
[4, 134, 4911]	1
[4, 134, 775]	1
[4, 135, 633]	1
[4, 136, 1158]	1
[4, 136, 12415]	1
[4, 136, 1312]	1
[4, 136, 3897]	1
[4, 136, 4018]	1
[4, 136, 4722]	1
[4, 136, 5987]	1
[4, 136, 733]	1
[4, 137, 1762]	1
[4, 137, 3335]	1
[4, 138, 1431]	1
[4, 138, 2212]	1
[4, 138, 2498]	1
[4, 139, 2112]	1
[4, 139, 2684]	1
[4, 139, 5764]	1
[4, 14, 1070]	1
[4, 14, 1092]	1
[4, 14, 1180]	5
[4, 14, 1191]	1
[4, 14, 2071]	1
[4, 14, 2082]	2
[4, 14, 2093]	2
[4, 14, 2291]	1
[4, 14, 2390]	1
[4, 14, 3072]	1
[4, 14, 3083]	1
[4, 14, 3160]	1
[4, 14, 3171]	1
[4, 14, 3270]	1
[4, 14, 4073]	1
[4, 14, 4095]	1
[4, 14, 4260]	1
[4, 14, 4370]	1
[4, 14, 4590]	1
[4, 14, 5063]	1
[4, 14, 5096]	1
[4, 14, 6361]	2
[4, 14, 6372]	1
[4, 14, 6592]	1
[4, 14, 909]	2
[4, 14, 91]	1
[4, 140, 154]	1
[4, 141, 1868]	1
[4, 141, 2308]	1
[4, 141, 3837]	1
[4, 141, 881]	1
[4, 142, 1614]	1
[4, 142, 2219]	1
[4, 142, 3825]	1
[4, 142, 453]	1
[4, 1435, 5270]	1
[4, 144, 1568]	1
[4, 144, 3537]	1
[4, 144, 774]	1
[4, 145, 2128]	1
[4, 145, 478]	1
[4, 146, 512]	1
[4, 146, 5702]	1
[4, 147, 2038]	1
[4, 147, 601]	1
[4, 148, 1630]	1
[4, 148, 1762]	1
[4, 148, 2268]	1
[4, 148, 2851]	1
[4, 148, 3269]	1
[4, 148, 415]	1
[4, 148, 4875]	1
[4, 149, 1530]	1
[4, 149, 1541]	1
[4, 149, 2322]	1
[4, 149, 3587]	1
[4, 149, 867]	1
[4, 15, 1080]	3
[4, 15, 1190]	1
[4, 15, 2070]	2
[4, 15, 2092]	1
[4, 15, 2290]	2
[4, 15, 3071]	1
[4, 15, 3082]	1
[4, 15, 3291]	1
[4, 15, 3390]	1
[4, 15, 4061]	2
[4, 15, 4072]	1
[4, 15, 6371]	1
[4, 15, 7141]	1
[4, 15, 7251]	1
[4, 15, 90]	1
[4, 150, 2904]	1
[4, 152, 2638]	1
[4, 152, 573]	1
[4, 153, 11596]	1
[4, 153, 1416]	1
[4, 153, 1548]	1
[4, 153, 3814]	1
[4, 153, 662]	1
[4, 154, 2537]	1
[4, 154, 696]	1
[4, 155, 983]	1
[4, 156, 115]	1
[4, 156, 2667]	1
[4, 156, 874]	1
[4, 157, 1852]	1
[4, 157, 787]	1
[4, 158, 1235]	1
[4, 158, 2566]	1
[4, 158, 2632]	1
[4, 158, 4711]	1
[4, 158, 5855]	1
[4, 159, 1421]	1
[4, 159, 2356]	1
[4, 16, 1090]	2
[4, 16, 2091]	1
[4, 16, 3290]	1
[4, 16, 5061]	1
[4, 16, 6172]	1
[4, 16, 8174]	1
[4, 160, 174]	1
[4, 162, 11396]	1
[4, 163, 1846]	1
[4, 163, 2847]	1
[4, 163, 496]	1
[4, 164, 1416]	1
[4, 165, 1778]	1
[4, 165, 2009]	1
[4, 165, 2735]	1
[4, 166, 1205]	1
[4, 166, 4989]	1
[4, 167, 11555]	1
[4, 167, 2678]	1
[4, 167, 4867]	1
[4, 168, 1445]	1
[4, 168, 2039]	1
[4, 168, 2512]	1
[4, 168, 3810]	1
[4, 168, 4855]	1
[4, 169, 1136]	1
[4, 169, 1488]	1
[4, 169, 2236]	1
[4, 17, 4092]	1
[4, 17, 5060]	1
[4, 17, 9240]	1
[4, 170, 1817]	1
[4, 171, 2509]	1
[4, 1730, 5283]	1
[4, 175, 2549]	1
[4, 176, 322]	1
[4, 1779, 19076]	1
[4, 179, 3524]	1
[4, 18, 5191]	1
[4, 18, 7182]	1
[4, 184, 12320]	1
[4, 184, 396]	1
[4, 184, 583]	1
[4, 185, 3408]	1
[4, 185, 540]	1
[4, 186, 2912]	1
[4, 189, 11137]	1
[4, 189, 1127]	1
[4, 189, 1699]	1
[4, 189, 2733]	1
[4, 194, 285]	1
[4, 195, 2419]	1
[4, 195, 4949]	1
[4, 199, 12962]	1
[4, 199, 3900]	1
[4, 199, 4329]	1
[4, 2, 1006]	37
[4, 2, 1017]	49
[4, 2, 1028]	52
[4, 2, 1039]	39
[4, 2, 104]	168
[4, 2, 1105]	29
[4, 2, 1116]	26
[4, 2, 1127]	36
[4, 2, 11313]	1
[4, 2, 1138]	41
[4, 2, 1149]	37
[4, 2, 11555]	1
[4, 2, 115]	257
[4, 2, 1204]	21
[4, 2, 12127]	1
[4, 2, 1215]	38
[4, 2, 1226]	24
[4, 2, 1237]	27
[4, 2, 1248]	27
[4, 2, 1259]	25
[4, 2, 126]	240
[4, 2, 1303]	24
[4, 2, 1314]	35
[4, 2, 1325]	23
[4, 2, 1336]	30
[4, 2, 1347]	25
[4, 2, 1358]	21
[4, 2, 1369]	19
[4, 2, 137]	224
[4, 2, 1402]	16
[4, 2, 1413]	19
[4, 2, 1424]	14
[4, 2, 1435]	26
[4, 2, 1446]	19
[4, 2, 1457]	26
[4, 2, 1468]	11
[4, 2, 1479]	23
[4, 2, 148]	215
[4, 2, 1501]	18
[4, 2, 1512]	19
[4, 2, 1523]	22
[4, 2, 1534]	21
[4, 2, 1545]	23
[4, 2, 1556]	19
[4, 2, 1567]	24
[4, 2, 1578]	15
[4, 2, 1589]	14
[4, 2, 159]	202
[4, 2, 1600]	11
[4, 2, 1611]	13
[4, 2, 1622]	19
[4, 2, 1633]	15
[4, 2, 1644]	13
[4, 2, 1655]	16
[4, 2, 1666]	19
[4, 2, 1677]	15
[4, 2, 1688]	14
[4, 2, 1699]	22
[4, 2, 16]	3
[4, 2, 1710]	10
[4, 2, 1721]	12
[4, 2, 1732]	16
[4, 2, 1743]	9
[4, 2, 1754]	21
[4, 2, 1765]	17
[4, 2, 1776]	15
[4, 2, 1787]	16
[4, 2, 1798]	11
[4, 2, 1820]	15
[4, 2, 1831]	14
[4, 2, 1842]	14
[4, 2, 1853]	12
[4, 2, 1864]	11
[4, 2, 1875]	10
[4, 2, 1886]	7
[4, 2, 1897]	8
[4, 2, 1930]	16
[4, 2, 1941]	11
[4, 2, 1952]	9
[4, 2, 1963]	14
[4, 2, 1974]	10
[4, 2, 1985]	10
[4, 2, 1996]	18
[4, 2, 2007]	9
[4, 2, 2018]	10
[4, 2, 2029]	9
[4, 2, 203]	177
[4, 2, 2106]	6
[4, 2, 2117]	10
[4, 2, 2128]	8
[4, 2, 2139]	3
[4, 2, 214]	177
[4, 2, 2205]	7
[4, 2, 2216]	14
[4, 2, 2227]	5
[4, 2, 2238]	3
[4, 2, 2249]	5
[4, 2, 225]	165
[4, 2, 2304]	9
[4, 2, 2315]	9
[4, 2, 2326]	7
[4, 2, 2337]	6
[4, 2, 2348]	9
[4, 2, 2359]	4
[4, 2, 236]	177
[4, 2, 2403]	9
[4, 2, 2414]	9
[4, 2, 2425]	6
[4, 2, 2436]	3
[4, 2, 2447]	5
[4, 2, 2458]	4
[4, 2, 2469]	2
[4, 2, 247]	164
[4, 2, 2502]	8
[4, 2, 2513]	5
[4, 2, 2524]	6
[4, 2, 2535]	2
[4, 2, 2546]	6
[4, 2, 2557]	4
[4, 2, 2568]	8
[4, 2, 2579]	4
[4, 2, 258]	164
[4, 2, 2601]	3
[4, 2, 2612]	4
[4, 2, 2623]	4
[4, 2, 2634]	6
[4, 2, 2645]	6
[4, 2, 2656]	5
[4, 2, 2667]	4
[4, 2, 2678]	2
[4, 2, 2689]	3
[4, 2, 269]	164
[4, 2, 2700]	5
[4, 2, 2711]	7
[4, 2, 2722]	3
[4, 2, 2733]	4
[4, 2, 2744]	2
[4, 2, 2755]	1
[4, 2, 2766]	2
[4, 2, 2777]	4
[4, 2, 2788]	3
[4, 2, 2799]	1
[4, 2, 27]	2
[4, 2, 2810]	2
[4, 2, 2821]	3
[4, 2, 2832]	4
[4, 2, 2843]	5
[4, 2, 2854]	3
[4, 2, 2865]	4
[4, 2, 2876]	2
[4, 2, 2887]	6
[4, 2, 2898]	5
[4, 2, 2920]	5
[4, 2, 2931]	2
[4, 2, 2942]	6
[4, 2, 2953]	3
[4, 2, 2964]	8
[4, 2, 2975]	2
[4, 2, 2986]	5
[4, 2, 2997]	7
[4, 2, 3008]	5
[4, 2, 3019]	1
[4, 2, 302]	154
[4, 2, 3107]	2
[4, 2, 3118]	5
[4, 2, 313]	160
[4, 2, 3206]	3
[4, 2, 3217]	5
[4, 2, 3228]	2
[4, 2, 3239]	2
[4, 2, 324]	143
[4, 2, 3305]	1
[4, 2, 3316]	2
[4, 2, 3327]	1
[4, 2, 3338]	1
[4, 2, 3349]	2
[4, 2, 335]	138
[4, 2, 3404]	3
[4, 2, 3415]	3
[4, 2, 3426]	2
[4, 2, 3437]	2
[4, 2, 3448]	4
[4, 2, 3459]	3
[4, 2, 346]	156
[4, 2, 3503]	3
[4, 2, 3514]	1
[4, 2, 3525]	3
[4, 2, 3536]	4
[4, 2, 3547]	2
[4, 2, 3558]	2
[4, 2, 3569]	1
[4, 2, 357]	130
[4, 2, 3602]	2
[4, 2, 3613]	1
[4, 2, 3624]	2
[4, 2, 3635]	2
[4, 2, 3646]	1
[4, 2, 3657]	1
[4, 2, 3668]	2
[4, 2, 3679]	4
[4, 2, 368]	125
[4, 2, 3712]	2
[4, 2, 3723]	1
[4, 2, 3734]	1
[4, 2, 3745]	2
[4, 2, 3756]	1
[4, 2, 3767]	2
[4, 2, 3778]	3
[4, 2, 3789]	5
[4, 2, 379]	122
[4, 2, 3800]	1
[4, 2, 3822]	2
[4, 2, 3833]	2
[4, 2, 3844]	3
[4, 2, 3855]	1
[4, 2, 3877]	2
[4, 2, 3888]	1
[4, 2, 3899]	2
[4, 2, 38]	2
[4, 2, 3910]	1
[4, 2, 3932]	2
[4, 2, 3943]	3
[4, 2, 3965]	1
[4, 2, 3998]	3
[4, 2, 4009]	1
[4, 2, 401]	128
[4, 2, 4108]	1
[4, 2, 412]	122
[4, 2, 4207]	1
[4, 2, 4218]	3
[4, 2, 423]	123
[4, 2, 4306]	1
[4, 2, 4317]	1
[4, 2, 4328]	2
[4, 2, 4339]	1
[4, 2, 434]	108
[4, 2, 4405]	1
[4, 2, 4438]	1
[4, 2, 4449]	1
[4, 2, 445]	115
[4, 2, 4504]	2
[4, 2, 4526]	1
[4, 2, 4548]	2
[4, 2, 456]	101
[4, 2, 4603]	2
[4, 2, 4625]	2
[4, 2, 4636]	1
[4, 2, 4647]	1
[4, 2, 4658]	2
[4, 2, 4669]	2
[4, 2, 467]	99
[4, 2, 4702]	1
[4, 2, 4757]	1
[4, 2, 4768]	1
[4, 2, 4779]	1
[4, 2, 478]	98
[4, 2, 4823]	1
[4, 2, 4878]	1
[4, 2, 489]	104
[4, 2, 4933]	1
[4, 2, 49]	2
[4, 2, 500]	110
[4, 2, 511]	98
[4, 2, 522]	109
[4, 2, 5307]	1
[4, 2, 533]	95
[4, 2, 5417]	2
[4, 2, 544]	103
[4, 2, 5505]	1
[4, 2, 5527]	1
[4, 2, 555]	111
[4, 2, 5659]	1
[4, 2, 566]	82
[4, 2, 5714]	1
[4, 2, 5747]	1
[4, 2, 577]	93
[4, 2, 5824]	1
[4, 2, 5835]	1
[4, 2, 5879]	1
[4, 2, 588]	90
[4, 2, 5967]	1
[4, 2, 599]	88
[4, 2, 610]	82
[4, 2, 621]	78
[4, 2, 6308]	1
[4, 2, 6319]	1
[4, 2, 632]	83
[4, 2, 643]	83
[4, 2, 654]	96
[4, 2, 6638]	1
[4, 2, 665]	80
[4, 2, 6704]	1
[4, 2, 6759]	1
[4, 2, 676]	83
[4, 2, 6858]	1
[4, 2, 687]	79
[4, 2, 6935]	1
[4, 2, 698]	66
[4, 2, 720]	59
[4, 2, 731]	63
[4, 2, 742]	72
[4, 2, 753]	78
[4, 2, 764]	53
[4, 2, 7749]	1
[4, 2, 775]	71
[4, 2, 7804]	1
[4, 2, 786]	48
[4, 2, 797]	61
[4, 2, 830]	58
[4, 2, 841]	53
[4, 2, 852]	47
[4, 2, 863]	45
[4, 2, 874]	41
[4, 2, 8849]	1
[4, 2, 885]	51
[4, 2, 8948]	1
[4, 2, 896]	56
[4, 2, 940]	52
[4, 2, 951]	35
[4, 2, 962]	52
[4, 2, 973]	38
[4, 2, 984]	40
[4, 2, 995]	43
[4, 20, 1053]	2
[4, 20, 1064]	1
[4, 20, 1075]	2
[4, 20, 1097]	1
[4, 20, 1130]	2
[4, 20, 1152]	2
[4, 20, 1163]	2
[4, 20, 1185]	1
[4, 20, 1240]	1
[4, 20, 1251]	1
[4, 20, 1273]	1
[4, 20, 1284]	4
[4, 20, 1295]	2
[4, 20, 1350]	2
[4, 20, 1394]	2
[4, 20, 1471]	1
[4, 20, 1493]	1
[4, 20, 1570]	1
[4, 20, 1581]	1
[4, 20, 1691]	2
[4, 20, 2010]	1
[4, 20, 2032]	1
[4, 20, 2087]	1
[4, 20, 2131]	3
[4, 20, 2164]	1
[4, 20, 2175]	1
[4, 20, 2274]	1
[4, 20, 2285]	1
[4, 20, 2296]	1
[4, 20, 2362]	1
[4, 20, 2373]	1
[4, 20, 2395]	1
[4, 20, 2472]	1
[4, 20, 2593]	1
[4, 20, 2780]	1
[4, 20, 3055]	1
[4, 20, 3088]	1
[4, 20, 3132]	1
[4, 20, 3154]	2
[4, 20, 3187]	1
[4, 20, 3231]	1
[4, 20, 3242]	1
[4, 20, 3286]	1
[4, 20, 3352]	1
[4, 20, 3363]	1
[4, 20, 3385]	1
[4, 20, 3451]	1
[4, 20, 3693]	1
[4, 20, 409]	2
[4, 20, 4133]	1
[4, 20, 4166]	1
[4, 20, 4496]	1
[4, 20, 4672]	1
[4, 20, 5046]	1
[4, 20, 5101]	1
[4, 20, 519]	2
[4, 20, 5266]	1
[4, 20, 5695]	1
[4, 20, 629]	1
[4, 20, 706]	5
[4, 20, 728]	2
[4, 20, 739]	2
[4, 20, 7752]	1
[4, 20, 805]	3
[4, 20, 816]	1
[4, 20, 827]	1
[4, 20, 8302]	1
[4, 20, 849]	1
[4, 20, 85]	1
[4, 20, 904]	2
[4, 20, 915]	3
[4, 20, 926]	2
[4, 20, 937]	3
[4, 20, 948]	3
[4, 20, 959]	2
[4, 20, 96]	1
[4, 202, 1499]	1
[4, 203, 1267]	1
[4, 203, 1333]	1
[4, 204, 1255]	1
[4, 204, 1530]	1
[4, 205, 1694]	1
[4, 206, 2320]	1
[4, 2096, 6534]	1
[4, 21, 1041]	2
[4, 21, 1085]	2
[4, 21, 1096]	2
[4, 21, 1151]	1
[4, 21, 1195]	1
[4, 21, 1272]	1
[4, 21, 1283]	1
[4, 21, 1294]	1
[4, 21, 1371]	1
[4, 21, 1393]	1
[4, 21, 1591]	1
[4, 21, 2020]	2
[4, 21, 2031]	1
[4, 21, 2097]	1
[4, 21, 2240]	1
[4, 21, 2284]	1
[4, 21, 2295]	1
[4, 21, 2460]	1
[4, 21, 2581]	1
[4, 21, 3175]	1
[4, 21, 3351]	1
[4, 21, 3395]	1
[4, 21, 3560]	1
[4, 21, 3681]	1
[4, 21, 4473]	1
[4, 21, 4550]	1
[4, 21, 4770]	1
[4, 21, 5023]	1
[4, 21, 509]	1
[4, 21, 5463]	1
[4, 21, 619]	1
[4, 21, 6794]	1
[4, 21, 7168]	1
[4, 21, 718]	1
[4, 21, 729]	1
[4, 21, 7696]	1
[4, 21, 806]	1
[4, 21, 817]	1
[4, 21, 828]	1
[4, 21, 839]	1
[4, 21, 905]	1
[4, 21, 916]	1
[4, 21, 938]	1
[4, 21, 949]	2
[4, 21, 9566]	1
[4, 21, 95]	2
[4, 211, 1787]	1
[4, 212, 1544]	1
[4, 212, 2798]	1
[4, 212, 4008]	1
[4, 212, 765]	1
[4, 213, 5008]	1
[4, 214, 2323]	1
[4, 215, 9505]	1
[4, 217, 1550]	1
[4, 217, 3860]	1
[4, 218, 7962]	1
[4, 22, 1040]	1
[4, 22, 1062]	3
[4, 22, 1073]	1
[4, 22, 1084]	1
[4, 22, 1095]	1
[4, 22, 1150]	2
[4, 22, 1172]	2
[4, 22, 1271]	1
[4, 22, 1590]	1
[4, 22, 2096]	1
[4, 22, 2140]	1
[4, 22, 2151]	1
[4, 22, 2272]	1
[4, 22, 2371]	2
[4, 22, 2492]	1
[4, 22, 2591]	1
[4, 22, 3064]	1
[4, 22, 3086]	1
[4, 22, 3152]	1
[4, 22, 3240]	1
